{
    "best_val_loss": 0.2492899732943241,
    "epoch": [
        0,
        1
    ],
    "train_loss": [
        0.5226687937417323,
        0.1684070946127141
    ],
    "val_loss": [
        0.2492899732943241,
        0.3215476826747194
    ]
}