{
    "best_val_loss": 3.0839498986323326,
    "epoch": [
        0,
        1
    ],
    "train_loss": [
        2.545210819024513,
        1.7994911934603388
    ],
    "val_loss": [
        3.9605098824313636,
        3.0839498986323326
    ]
}