{
    "best_val_loss": 0.21820876340231557,
    "epoch": [
        0,
        1
    ],
    "train_loss": [
        0.491521780425649,
        0.1356944193594852
    ],
    "val_loss": [
        0.21820876340231557,
        0.2624444304487101
    ]
}